<?xml version="1.0"?>
<!--
/**
 * Mageplaza_Productslider extension
 *                     NOTICE OF LICENSE
 * 
 *                     This source file is subject to the MIT License
 *                     that is bundled with this package in the file LICENSE.txt.
 *                     It is also available through the world-wide-web at this URL:
 *                     https://www.mageplaza.com/LICENSE.txt
 * 
 *                     @category  Mageplaza
 *                     @package   Mageplaza_Productslider
 *                     @copyright Copyright (c) 2016
 *                     @license   https://www.mageplaza.com/LICENSE.txt
 */
-->
<config xmlns:xsi="http://www.w3.org/2001/XMLSchema-instance" xsi:noNamespaceSchemaLocation="../../../../../lib/internal/Magento/Framework/Acl/etc/acl.xsd">
    <acl>
        <resources>
            <resource id="Magento_Backend::admin">
                <resource id="Mageplaza_Productslider::productslider" title="Product Sliders" sortOrder="30">
                    <resource id="Mageplaza_Productslider::slider" title="Sliders" sortOrder="10"/>
                </resource>
                <resource id="Magento_Backend::stores">
                    <resource id="Magento_Backend::stores_settings">
                        <resource id="Magento_Config::config">
                            <resource id="Mageplaza_Productslider::productslider_config" title="Product Sliders"/>
                        </resource>
                    </resource>
                </resource>
            </resource>
        </resources>
    </acl>
</config>
