<?xml version="1.0"?>
<!--
/**
 * Mageplaza_Productslider extension
 *                     NOTICE OF LICENSE
 * 
 *                     This source file is subject to the MIT License
 *                     that is bundled with this package in the file LICENSE.txt.
 *                     It is also available through the world-wide-web at this URL:
 *                     https://www.mageplaza.com/LICENSE.txt
 * 
 *                     @category  Mageplaza
 *                     @package   Mageplaza_Productslider
 *                     @copyright Copyright (c) 2016
 *                     @license   https://www.mageplaza.com/LICENSE.txt
 */
-->
<config xmlns:xsi="http://www.w3.org/2001/XMLSchema-instance" xsi:noNamespaceSchemaLocation="../../../../../lib/internal/Magento/Framework/ObjectManager/etc/config.xsd">
    <virtualType name="MageplazaProductsliderGirdFilterPool" type="Magento\Framework\View\Element\UiComponent\DataProvider\FilterPool">
        <arguments>
            <argument name="appliers" xsi:type="array">
                <item name="regular" xsi:type="object">Magento\Framework\View\Element\UiComponent\DataProvider\RegularFilter</item>
                <item name="fulltext" xsi:type="object">Magento\Framework\View\Element\UiComponent\DataProvider\FulltextFilter</item>
            </argument>
        </arguments>
    </virtualType>
    <virtualType name="MageplazaProductsliderSliderGridDataProvider" type="Magento\Framework\View\Element\UiComponent\DataProvider\DataProvider">
        <arguments>
            <argument name="collection" xsi:type="object" shared="false">Mageplaza\Productslider\Model\ResourceModel\Slider\Collection</argument>
            <argument name="filterPool" xsi:type="object" shared="false">MageplazaProductsliderGirdFilterPool</argument>
        </arguments>
    </virtualType>
    <type name="Mageplaza\Productslider\Model\ResourceModel\Slider\Grid\Collection">
        <arguments>
            <argument name="mainTable" xsi:type="string">mageplaza_productslider_slider</argument>
            <argument name="eventPrefix" xsi:type="string">mageplaza_productslider_slider_grid_collection</argument>
            <argument name="eventObject" xsi:type="string">slider_grid_collection</argument>
            <argument name="resourceModel" xsi:type="string">Mageplaza\Productslider\Model\ResourceModel\Slider</argument>
        </arguments>
    </type>
    <type name="Magento\Framework\View\Element\UiComponent\DataProvider\CollectionFactory">
        <arguments>
            <argument name="collections" xsi:type="array">
                <item name="mageplaza_productslider_slider_listing_data_source" xsi:type="string">Mageplaza\Productslider\Model\ResourceModel\Slider\Grid\Collection</item>
            </argument>
        </arguments>
    </type>
</config>
